{"stats":{"minecraft:killed_by":{"minecraft:skeleton":1},"minecraft:dropped":{"gravestone:obituary":2},"minecraft:picked_up":{"minecraft:crafting_table":1,"minecraft:oak_log":11,"minecraft:cobblestone":6},"minecraft:used":{"minecraft:oak_log":1,"minecraft:crafting_table":1,"minecraft:wooden_pickaxe":7},"minecraft:custom":{"minecraft:time_since_rest":2445,"minecraft:crouch_one_cm":288,"minecraft:deaths":2,"minecraft:play_time":9277,"minecraft:sprint_one_cm":23386,"minecraft:damage_taken":2135,"minecraft:walk_one_cm":6816,"minecraft:sneak_time":282,"minecraft:walk_under_water_one_cm":367,"minecraft:drop":2,"minecraft:jump":81,"minecraft:damage_dealt":18,"minecraft:leave_game":2,"minecraft:walk_on_water_one_cm":71,"minecraft:time_since_death":2437,"minecraft:climb_one_cm":21932,"minecraft:total_world_time":9277,"minecraft:swim_one_cm":605,"minecraft:interact_with_crafting_table":1,"minecraft:fall_one_cm":21173,"minecraft:fly_one_cm":16370},"minecraft:crafted":{"minecraft:oak_planks":40,"minecraft:crafting_table":1,"minecraft:stick":8,"minecraft:wooden_pickaxe":1},"minecraft:mined":{"gravestone:gravestone":2,"minecraft:grass":1,"minecraft:oak_log":11,"minecraft:stone":6,"minecraft:crafting_table":1,"minecraft:oak_leaves":1}},"DataVersion":3465}