{"stats":{"minecraft:killed_by":{"minecraft:skeleton":1},"minecraft:picked_up":{"minecraft:oak_log":4},"minecraft:custom":{"minecraft:jump":10,"minecraft:time_since_rest":556,"minecraft:leave_game":1,"minecraft:deaths":1,"minecraft:damage_dealt":18,"minecraft:damage_taken":265,"minecraft:sprint_one_cm":4375,"minecraft:play_time":2003,"minecraft:time_since_death":524,"minecraft:walk_one_cm":2398,"minecraft:total_world_time":2003,"minecraft:fall_one_cm":335,"minecraft:fly_one_cm":976},"minecraft:mined":{"minecraft:grass":1,"minecraft:oak_log":4,"minecraft:oak_leaves":1}},"DataVersion":3465}