{"stats":{"minecraft:dropped":{"minecraft:stone_pickaxe":1},"minecraft:picked_up":{"minecraft:raw_iron":15,"minecraft:stick":2,"minecraft:crafting_table":5,"minecraft:andesite":2,"minecraft:torch":1,"minecraft:oak_log":38,"minecraft:dirt":1,"minecraft:oak_sapling":8,"minecraft:coal":19,"minecraft:cobblestone":66,"minecraft:furnace":2},"minecraft:used":{"minecraft:wooden_axe":33,"minecraft:stone_sword":6,"minecraft:stone_pickaxe":51,"minecraft:iron_pickaxe":4,"minecraft:wooden_pickaxe":52,"minecraft:stone_axe":2,"minecraft:torch":1,"minecraft:dirt":1,"minecraft:cobblestone":10,"minecraft:beef":2,"minecraft:crafting_table":5,"minecraft:oak_sapling":8,"minecraft:furnace":2,"minecraft:andesite":2,"minecraft:cooked_beef":2},"minecraft:killed":{"minecraft:spider":1},"minecraft:custom":{"minecraft:time_since_rest":29678,"minecraft:interact_with_furnace":9,"minecraft:sprint_one_cm":34407,"minecraft:damage_taken":250,"minecraft:walk_one_cm":6981,"minecraft:mob_kills":1,"minecraft:drop":1,"minecraft:damage_dealt":210,"minecraft:swim_one_cm":9420,"minecraft:interact_with_crafting_table":8,"minecraft:fly_one_cm":23916,"minecraft:crouch_one_cm":4125,"minecraft:play_time":29678,"minecraft:sneak_time":2883,"minecraft:walk_under_water_one_cm":1488,"minecraft:jump":162,"minecraft:time_since_death":29678,"minecraft:walk_on_water_one_cm":751,"minecraft:total_world_time":29678,"minecraft:climb_one_cm":19040,"minecraft:fall_one_cm":4146},"minecraft:crafted":{"minecraft:oak_planks":32,"minecraft:iron_boots":1,"minecraft:charcoal":3,"minecraft:shield":1,"minecraft:crafting_table":1,"minecraft:stick":12,"minecraft:iron_pickaxe":1,"minecraft:iron_ingot":12,"minecraft:wooden_pickaxe":1,"minecraft:stone_pickaxe":1,"minecraft:wooden_axe":1,"minecraft:stone_sword":1,"minecraft:furnace":1,"minecraft:torch":12,"minecraft:stone_axe":1,"minecraft:air":0},"minecraft:mined":{"minecraft:furnace":2,"minecraft:iron_ore":15,"minecraft:andesite":2,"minecraft:torch":1,"minecraft:crafting_table":5,"minecraft:coal_ore":22,"minecraft:oak_log":38,"minecraft:dirt":1,"minecraft:cobblestone":2,"minecraft:stone":64,"minecraft:oak_leaves":11}},"DataVersion":3465}