{"stats":{"minecraft:dropped":{"minecraft:spider_eye":1,"minecraft:stone_pickaxe":1},"minecraft:picked_up":{"minecraft:crafting_table":7,"minecraft:andesite":2,"minecraft:oak_log":38,"minecraft:dirt":1,"minecraft:string":1,"minecraft:bone":2,"minecraft:cobbled_deepslate":37,"minecraft:furnace":3,"minecraft:stick":2,"minecraft:raw_iron":64,"minecraft:torch":1,"minecraft:gravel":1,"minecraft:diorite":1,"minecraft:spider_eye":1,"minecraft:rotten_flesh":6,"minecraft:granite":1,"minecraft:oak_sapling":8,"minecraft:coal":35,"minecraft:cobblestone":118},"minecraft:used":{"minecraft:water_bucket":9,"minecraft:diorite":1,"minecraft:stone_sword":51,"minecraft:stone_pickaxe":51,"minecraft:wooden_pickaxe":52,"minecraft:shield":17,"minecraft:rotten_flesh":6,"minecraft:iron_chestplate":1,"minecraft:torch":1,"minecraft:dirt":1,"minecraft:crafting_table":7,"minecraft:wooden_axe":33,"minecraft:string":1,"minecraft:iron_pickaxe":155,"minecraft:iron_helmet":1,"minecraft:gravel":1,"minecraft:stone_axe":4,"minecraft:cobblestone":39,"minecraft:beef":2,"minecraft:furnace":3,"minecraft:oak_sapling":8,"minecraft:bucket":10,"minecraft:andesite":2,"minecraft:cooked_beef":2,"minecraft:iron_leggings":1},"minecraft:killed":{"minecraft:spider":2,"minecraft:skeleton":3,"minecraft:zombie":6},"minecraft:custom":{"minecraft:interact_with_furnace":20,"minecraft:mob_kills":11,"minecraft:interact_with_crafting_table":16,"minecraft:leave_game":1,"minecraft:time_since_death":43516,"minecraft:climb_one_cm":19040,"minecraft:time_since_rest":43516,"minecraft:sprint_one_cm":60806,"minecraft:damage_taken":467,"minecraft:walk_one_cm":24011,"minecraft:damage_blocked_by_shield":1305,"minecraft:drop":2,"minecraft:damage_dealt":2264,"minecraft:fly_one_cm":46353,"minecraft:swim_one_cm":9501,"minecraft:crouch_one_cm":10437,"minecraft:play_time":43516,"minecraft:sneak_time":6643,"minecraft:walk_under_water_one_cm":1680,"minecraft:jump":377,"minecraft:walk_on_water_one_cm":767,"minecraft:total_world_time":43516,"minecraft:fall_one_cm":7190},"minecraft:crafted":{"minecraft:oak_planks":32,"minecraft:crafting_table":1,"minecraft:wooden_pickaxe":1,"minecraft:iron_helmet":1,"minecraft:furnace":1,"minecraft:bucket":1,"minecraft:stone_axe":1,"minecraft:air":0,"minecraft:iron_boots":1,"minecraft:iron_chestplate":1,"minecraft:charcoal":3,"minecraft:shield":1,"minecraft:stick":28,"minecraft:iron_ingot":41,"minecraft:iron_pickaxe":1,"minecraft:stone_pickaxe":1,"minecraft:wooden_axe":1,"minecraft:stone_sword":1,"minecraft:iron_leggings":1,"minecraft:torch":12},"minecraft:mined":{"minecraft:crafting_table":7,"minecraft:torch":1,"minecraft:glow_lichen":1,"minecraft:granite":1,"minecraft:cobblestone":3,"minecraft:furnace":3,"minecraft:iron_ore":62,"minecraft:andesite":2,"minecraft:oak_log":38,"minecraft:coal_ore":40,"minecraft:deepslate_iron_ore":2,"minecraft:gravel":1,"minecraft:dirt":1,"minecraft:stone":107,"minecraft:oak_leaves":11,"minecraft:deepslate":38}},"DataVersion":3465}