{"stats":{"minecraft:picked_up":{"minecraft:stick":2,"minecraft:crafting_table":1,"minecraft:andesite":2,"minecraft:oak_log":38,"minecraft:oak_sapling":8,"minecraft:dirt":1,"minecraft:cobblestone":50},"minecraft:used":{"minecraft:wooden_axe":31,"minecraft:dirt":1,"minecraft:cobblestone":3,"minecraft:crafting_table":1,"minecraft:oak_sapling":8,"minecraft:andesite":2,"minecraft:wooden_pickaxe":52},"minecraft:custom":{"minecraft:time_since_rest":17678,"minecraft:crouch_one_cm":1294,"minecraft:play_time":17678,"minecraft:sprint_one_cm":13633,"minecraft:damage_taken":190,"minecraft:walk_one_cm":3404,"minecraft:walk_under_water_one_cm":798,"minecraft:sneak_time":1567,"minecraft:jump":62,"minecraft:walk_on_water_one_cm":62,"minecraft:time_since_death":17678,"minecraft:climb_one_cm":19040,"minecraft:total_world_time":17678,"minecraft:swim_one_cm":6401,"minecraft:fall_one_cm":1671,"minecraft:interact_with_crafting_table":1,"minecraft:fly_one_cm":8866},"minecraft:crafted":{"minecraft:oak_planks":32,"minecraft:crafting_table":1,"minecraft:stick":4,"minecraft:wooden_pickaxe":1,"minecraft:wooden_axe":1},"minecraft:mined":{"minecraft:oak_log":38,"minecraft:dirt":1,"minecraft:stone":50,"minecraft:andesite":2,"minecraft:oak_leaves":11,"minecraft:crafting_table":1}},"DataVersion":3465}